event,date,label,image
http://www.wikidata.org/entity/Q4427813,1936-06-19T00:00:00Z,"solar eclipse of June 19, 1936",
http://www.wikidata.org/entity/Q4427822,1945-07-09T00:00:00Z,"solar eclipse of July 9, 1945",
http://www.wikidata.org/entity/Q276506,2009-07-22T00:00:00Z,"solar eclipse of July 22, 2009",
http://www.wikidata.org/entity/Q1144017,2007-03-19T00:00:00Z,"solar eclipse of March 19, 2007",
http://www.wikidata.org/entity/Q1144023,2004-04-19T00:00:00Z,"solar eclipse of April 19, 2004",
http://www.wikidata.org/entity/Q1164503,2011-01-04T00:00:00Z,"solar eclipse of January 4, 2011",
http://www.wikidata.org/entity/Q1304184,2013-11-03T00:00:00Z,"solar eclipse of November 3, 2013",
http://www.wikidata.org/entity/Q934366,2006-03-29T00:00:00Z,"Solar eclipse of March 29, 2006",
http://www.wikidata.org/entity/Q978836,2019-01-06T00:00:00Z,"solar eclipse of January 6, 2019",
http://www.wikidata.org/entity/Q1029040,2018-08-11T00:00:00Z,"solar eclipse of August 11, 2018",
http://www.wikidata.org/entity/Q1107678,1973-06-30T00:00:00Z,"solar eclipse of June 30, 1973",
http://www.wikidata.org/entity/Q1131426,2001-12-14T00:00:00Z,"solar eclipse of December 14, 2001",
http://www.wikidata.org/entity/Q1144034,2004-10-14T00:00:00Z,"solar eclipse of October 14, 2004",
http://www.wikidata.org/entity/Q1145898,2007-09-11T00:00:00Z,"solar eclipse of September 11, 2007",
http://www.wikidata.org/entity/Q1146422,1997-09-02T00:00:00Z,"solar eclipse of September 2, 1997",
http://www.wikidata.org/entity/Q1146462,1993-11-13T00:00:00Z,"solar eclipse of November 13, 1993",
http://www.wikidata.org/entity/Q1146469,1996-04-17T00:00:00Z,"solar eclipse of April 17, 1996",
http://www.wikidata.org/entity/Q1146483,1991-01-15T00:00:00Z,"solar eclipse of January 15, 1991",
http://www.wikidata.org/entity/Q1146497,1992-12-24T00:00:00Z,"solar eclipse of December 24, 1992",
http://www.wikidata.org/entity/Q60372,2015-03-20T00:00:00Z,"solar eclipse of March 20, 2015",
http://www.wikidata.org/entity/Q153325,1943-11-03T00:00:00Z,Aktion Erntefest,
http://www.wikidata.org/entity/Q249308,2008-02-07T00:00:00Z,"solar eclipse of February 7, 2008",
http://www.wikidata.org/entity/Q255688,1956-12-02T00:00:00Z,"solar eclipse of December 2, 1956",
http://www.wikidata.org/entity/Q1314098,2016-09-01T00:00:00Z,"solar eclipse of September 1, 2016",
http://www.wikidata.org/entity/Q1329886,2011-11-25T00:00:00Z,"solar eclipse of November 25, 2011",
http://www.wikidata.org/entity/Q1368046,2019-07-02T00:00:00Z,"solar eclipse of July 2, 2019",
http://www.wikidata.org/entity/Q1409455,1992-06-30T00:00:00Z,"solar eclipse of June 30, 1992",
http://www.wikidata.org/entity/Q1472163,1998-08-22T00:00:00Z,"solar eclipse of August 22, 1998",
http://www.wikidata.org/entity/Q1490443,1994-05-10T00:00:00Z,"solar eclipse of May 10, 1994",
http://www.wikidata.org/entity/Q3577541,1961-02-15T00:00:00Z,"solar eclipse of February 15, 1961",
http://www.wikidata.org/entity/Q929952,1912-04-17T00:00:00Z,"solar eclipse of April 17, 1912",
http://www.wikidata.org/entity/Q384457,1945-01-14T00:00:00Z,"solar eclipse of January 14, 1945",
http://www.wikidata.org/entity/Q473566,2005-04-08T00:00:00Z,"solar eclipse of April 8, 2005",
http://www.wikidata.org/entity/Q492942,2006-09-22T00:00:00Z,solar eclipse of September 22 2006,
http://www.wikidata.org/entity/Q609193,2018-02-15T00:00:00Z,"solar eclipse of February 15, 2018",
http://www.wikidata.org/entity/Q618333,1984-05-30T00:00:00Z,"solar eclipse of May 30, 1984",
http://www.wikidata.org/entity/Q618677,1913-04-06T00:00:00Z,"solar eclipse of April 6, 1913",
http://www.wikidata.org/entity/Q841551,2003-05-31T00:00:00Z,"solar eclipse of May 31, 2003",
http://www.wikidata.org/entity/Q10859,1939-04-01T00:00:00Z,Spanish Civil War,
http://www.wikidata.org/entity/Q43378,1902-11-21T00:00:00Z,Thousand Days' War,
http://www.wikidata.org/entity/Q129053,1947-08-15T00:00:00Z,partition of India,
http://www.wikidata.org/entity/Q362,1945-09-02T00:00:00Z,World War II,
http://www.wikidata.org/entity/Q33761,2010-12-17T00:00:00Z,Arab Spring,
http://www.wikidata.org/entity/Q1859834,1997-03-09T00:00:00Z,"solar eclipse of March 9, 1997",
http://www.wikidata.org/entity/Q2035756,1919-05-29T00:00:00Z,"solar eclipse of May 29, 1919",
http://www.wikidata.org/entity/Q2063825,2014-04-29T00:00:00Z,"solar eclipse of April 29, 2014",
http://www.wikidata.org/entity/Q2301896,2018-07-13T00:00:00Z,"solar eclipse of July 13, 2018",
http://www.wikidata.org/entity/Q2301900,1914-08-21T00:00:00Z,"solar eclipse of August 21, 1914",
http://www.wikidata.org/entity/Q3084791,1938-05-29T00:00:00Z,"solar eclipse of May 29, 1938",
http://www.wikidata.org/entity/Q1513462,1991-07-11T00:00:00Z,"solar eclipse of July 11, 1991",
http://www.wikidata.org/entity/Q1516937,2003-11-23T00:00:00Z,"solar eclipse of November 23, 2003",
http://www.wikidata.org/entity/Q1549112,2016-03-09T00:00:00Z,"solar eclipse of March 9, 2016",
http://www.wikidata.org/entity/Q1556090,2009-01-26T00:00:00Z,"solar eclipse of January 26, 2009",
http://www.wikidata.org/entity/Q1580486,2014-10-23T00:00:00Z,"solar eclipse of October 23, 2014",
http://www.wikidata.org/entity/Q1859159,2000-12-25T00:00:00Z,"solar eclipse of December 25, 2000",
http://www.wikidata.org/entity/Q1859295,1998-02-26T00:00:00Z,"solar eclipse of February 26, 1998",
http://www.wikidata.org/entity/Q1859795,2000-02-05T00:00:00Z,"solar eclipse of February 5, 2000",
http://www.wikidata.org/entity/Q1859810,2000-07-01T00:00:00Z,"solar eclipse of July 1, 2000",
http://www.wikidata.org/entity/Q361,1918-11-11T00:00:00Z,World War I,
http://www.wikidata.org/entity/Q1584023,1999-02-16T00:00:00Z,"solar eclipse of February 16, 1999",
http://www.wikidata.org/entity/Q1584078,1994-11-03T00:00:00Z,"solar eclipse of November 3, 1994",
http://www.wikidata.org/entity/Q1584094,1993-05-21T00:00:00Z,"solar eclipse of May 21, 1993",
http://www.wikidata.org/entity/Q1584153,1996-10-12T00:00:00Z,"solar eclipse of October 12, 1996",
http://www.wikidata.org/entity/Q1640337,1995-10-24T00:00:00Z,"solar eclipse of October 24, 1995",
http://www.wikidata.org/entity/Q1783532,2011-06-01T00:00:00Z,"solar eclipse of June 1, 2011",
http://www.wikidata.org/entity/Q1553256,1926-05-02T00:00:00Z,Nicaraguan Civil War of 1926–1927,
http://www.wikidata.org/entity/Q1781457,1998-06-07T00:00:00Z,Bissau-Guinean Civil War,
http://www.wikidata.org/entity/Q2379101,1940-01-01T00:00:00Z,1947–1948 Civil War in Mandatory Palestine,
http://www.wikidata.org/entity/Q1154912,1997-11-24T00:00:00Z,Iraqi Kurdish Civil War,
http://www.wikidata.org/entity/Q1276892,1986-01-24T00:00:00Z,South Yemen civil war,
http://www.wikidata.org/entity/Q1345258,1915-12-25T00:00:00Z,National Protection War,
http://www.wikidata.org/entity/Q1477500,1989-12-24T00:00:00Z,First Liberian Civil War,
http://www.wikidata.org/entity/Q1915188,1986-11-01T00:00:00Z,Suriname Guerrilla War,
http://www.wikidata.org/entity/Q1960733,1999-04-21T00:00:00Z,Second Liberian Civil War,
http://www.wikidata.org/entity/Q2002975,2006-11-21T00:00:00Z,Nepalese Civil War,
http://www.wikidata.org/entity/Q2139988,1974-10-13T00:00:00Z,Eritrean Civil Wars,
http://www.wikidata.org/entity/Q867442,1953-01-01T00:00:00Z,1953 New Jersey state highway renumbering,
http://www.wikidata.org/entity/Q1923992,1957-01-01T00:00:00Z,Milton Torres 1957 UFO Encounter,
http://www.wikidata.org/entity/Q2485875,1930-01-01T00:00:00Z,1930 state highway renumbering,
http://www.wikidata.org/entity/Q2491784,1927-01-01T00:00:00Z,1927 Ohio state highway renumbering,
http://www.wikidata.org/entity/Q2507586,1928-01-01T00:00:00Z,1928 Virginia state highway renumbering,
http://www.wikidata.org/entity/Q2507588,1933-01-01T00:00:00Z,1933 Virginia state highway renumbering,
http://www.wikidata.org/entity/Q2507591,1940-01-01T00:00:00Z,1940 Virginia state highway renumbering,
http://www.wikidata.org/entity/Q4563130,1932-01-01T00:00:00Z,1932 state highway renumbering,
http://www.wikidata.org/entity/Q16973448,1969-01-01T00:00:00Z,1969 Iowa highway renumbering,
http://www.wikidata.org/entity/Q29097777,1962-01-01T00:00:00Z,1962 Ohio state highway renumbering,
http://www.wikidata.org/entity/Q43080117,1926-01-01T00:00:00Z,1926 Missouri highway renumbering,
http://www.wikidata.org/entity/Q48740688,1927-01-01T00:00:00Z,1927 state highway renumbering,
http://www.wikidata.org/entity/Q48977342,1926-01-01T00:00:00Z,1926 Iowa highway renumbering,
http://www.wikidata.org/entity/Q48977438,1958-01-01T00:00:00Z,1958 Virginia state highway renumbering,
http://www.wikidata.org/entity/Q48977461,1923-01-01T00:00:00Z,1923 Ohio state highway renumbering,
http://www.wikidata.org/entity/Q54933187,1923-01-01T00:00:00Z,1923 Virginia state highway renumbering,
http://www.wikidata.org/entity/Q76038638,1953-01-01T00:00:00Z,1953 Puerto Rico highway renumbering,
http://www.wikidata.org/entity/Q129254933,2003-03-23T00:00:00Z,Umehara ga kimeta,
http://www.wikidata.org/entity/Q8683,1946-01-01T00:00:00Z,Cold War,
http://www.wikidata.org/entity/Q806122,1964-01-01T00:00:00Z,1964 state highway renumbering,
http://www.wikidata.org/entity/Q867432,1927-01-01T00:00:00Z,1927 New Jersey state highway renumbering,
http://www.wikidata.org/entity/Q1783607,1992-01-16T00:00:00Z,Salvadoran Civil War,
http://www.wikidata.org/entity/Q2594536,2005-08-31T00:00:00Z,2005 Baghdad bridge stampede,
http://www.wikidata.org/entity/Q5615028,2000-01-01T00:00:00Z,Guerrilla phase of the Second Chechen War,
http://www.wikidata.org/entity/Q10885051,1977-02-18T00:00:00Z,Xinjiang 61st Regiment Farm fire,
http://www.wikidata.org/entity/Q18409574,1990-07-02T00:00:00Z,1990 Mecca tunnel tragedy,
http://www.wikidata.org/entity/Q21007721,2015-09-24T00:00:00Z,2015 Mina stampede,
http://www.wikidata.org/entity/Q142529,1992-01-11T00:00:00Z,Algerian Civil War,
http://www.wikidata.org/entity/Q179975,1946-03-31T00:00:00Z,Chinese Civil War,
http://www.wikidata.org/entity/Q306123,1934-02-12T00:00:00Z,Austrian Civil War,
http://www.wikidata.org/entity/Q426722,1990-10-01T00:00:00Z,Rwandan Civil War,
http://www.wikidata.org/entity/Q213394,1983-07-23T00:00:00Z,Sri Lankan civil war,
http://www.wikidata.org/entity/Q214426,1920-05-21T00:00:00Z,Mexican Revolution,
http://www.wikidata.org/entity/Q257724,1974-09-12T00:00:00Z,Ethiopian Civil War,
http://www.wikidata.org/entity/Q185407,1949-04-09T00:00:00Z,La Violencia,
http://www.wikidata.org/entity/Q209965,2014-05-01T00:00:00Z,Casamance conflict,
http://www.wikidata.org/entity/Q211855,1918-05-15T00:00:00Z,Finnish Civil War,
http://www.wikidata.org/entity/Q647239,1993-10-21T00:00:00Z,Burundi Civil War,
http://www.wikidata.org/entity/Q657661,1992-10-04T00:00:00Z,Mozambican Civil War,
http://www.wikidata.org/entity/Q16573193,1911-12-01T00:00:00Z,Dominican Civil War of 1911–12,
http://www.wikidata.org/entity/Q17183365,2006-02-22T00:00:00Z,Iraqi Civil War of 2006–2008,
http://www.wikidata.org/entity/Q23609046,2007-01-01T00:00:00Z,2007 enlargement of the European Union,
http://www.wikidata.org/entity/Q24185572,2014-08-04T00:00:00Z,Death of Ms Dhu,
http://www.wikidata.org/entity/Q26213488,2016-07-19T00:00:00Z,death of Adama Traoré,
http://www.wikidata.org/entity/Q66744666,2019-08-10T00:00:00Z,death of Jeffrey Epstein,
http://www.wikidata.org/entity/Q74040572,2019-11-04T00:00:00Z,death of Chow Tsz-lok,
http://www.wikidata.org/entity/Q19686631,2014-09-16T00:00:00Z,Yemeni civil war,
http://www.wikidata.org/entity/Q60820213,1992-01-06T00:00:00Z,1991-92 Georgian coup d'état,
http://www.wikidata.org/entity/Q717809,1929-09-01T00:00:00Z,Central Plains War,
http://www.wikidata.org/entity/Q748042,1922-06-28T00:00:00Z,Irish Civil War,
http://www.wikidata.org/entity/Q782474,1965-11-01T00:00:00Z,Chadian Civil War of 1965–1979,
http://www.wikidata.org/entity/Q748162,2013-07-01T00:00:00Z,2013 enlargement of the European Union,
http://www.wikidata.org/entity/Q1970772,2007-01-01T00:00:00Z,accession of Romania to the European Union,
http://www.wikidata.org/entity/Q2824351,2004-05-01T00:00:00Z,accession of Cyprus to the European Union,
http://www.wikidata.org/entity/Q2824353,2004-05-01T00:00:00Z,accession of Malta to the European Union,
http://www.wikidata.org/entity/Q2824357,2004-05-01T00:00:00Z,accession of Estonia to the European Union,
http://www.wikidata.org/entity/Q2824359,2004-05-01T00:00:00Z,accession of Hungary to the European Union,
http://www.wikidata.org/entity/Q2824360,1981-01-01T00:00:00Z,1981 enlargement of the European Communities,
http://www.wikidata.org/entity/Q166283,1997-05-27T00:00:00Z,1997 Central Texas tornado outbreak,
http://www.wikidata.org/entity/Q3305247,1987-07-31T00:00:00Z,Edmonton tornado,
http://www.wikidata.org/entity/Q3390907,1984-01-01T00:00:00Z,1984 Soviet Union tornado outbreak,
http://www.wikidata.org/entity/Q3591470,1985-05-31T00:00:00Z,1985 United States – Canadian tornado outbreak,
http://www.wikidata.org/entity/Q2824361,2004-05-01T00:00:00Z,accession of Lithuania to the European Union,
http://www.wikidata.org/entity/Q2824362,2004-05-01T00:00:00Z,accession of Latvia to the European Union,
http://www.wikidata.org/entity/Q2824363,2004-05-01T00:00:00Z,accession of Czech Republic to the European Union,
http://www.wikidata.org/entity/Q2824365,2004-05-01T00:00:00Z,accession of Slovakia to the European Union,
http://www.wikidata.org/entity/Q2824366,2004-05-01T00:00:00Z,accession of Slovenia to the European Union,
http://www.wikidata.org/entity/Q2824370,1973-01-01T00:00:00Z,accession of the United Kingdom to the European Communities,
http://www.wikidata.org/entity/Q2887801,1896-12-04T00:00:00Z,Adibo dali,
http://www.wikidata.org/entity/Q2935437,1892-04-01T00:00:00Z,Congo–Arab War,
http://www.wikidata.org/entity/Q3358934,1923-01-01T00:00:00Z,Klaipėda Revolt,
http://www.wikidata.org/entity/Q2918374,1997-09-06T00:00:00Z,"funeral of Diana, Princess of Wales",
http://www.wikidata.org/entity/Q3090984,2006-12-30T00:00:00Z,death and state funeral of Gerald Ford,
http://www.wikidata.org/entity/Q5247273,1994-04-27T00:00:00Z,death and funeral of Richard Nixon,
http://www.wikidata.org/entity/Q5247275,2011-08-01T00:00:00Z,death and state funeral of Jack Layton,
http://www.wikidata.org/entity/Q5509126,1910-05-20T00:00:00Z,Death and state funeral of Edward VII,
http://www.wikidata.org/entity/Q23023105,2014-11-11T00:00:00Z,State funeral of Michael Sata,
http://www.wikidata.org/entity/Q27958841,1901-02-02T00:00:00Z,state funeral of Queen Victoria,
http://www.wikidata.org/entity/Q28713898,1989-06-06T00:00:00Z,Death and state funeral of Ruhollah Khomeini,
http://www.wikidata.org/entity/Q30947883,1968-01-01T00:00:00Z,Opening of the South-North route,
http://www.wikidata.org/entity/Q30948032,1979-05-29T00:00:00Z,Restoration of Taiwan strait shipping,
http://www.wikidata.org/entity/Q59344430,2018-12-05T00:00:00Z,death and state funeral of George H. W. Bush,
http://www.wikidata.org/entity/Q104861079,2003-10-22T00:00:00Z,Funeral of Alija Izetbegović,
http://www.wikidata.org/entity/Q106391503,1952-02-15T00:00:00Z,death and state funeral of George VI,
http://www.wikidata.org/entity/Q7556192,1902-04-08T00:00:00Z,"solar eclipse of April 8, 1902",
http://www.wikidata.org/entity/Q7556194,1921-04-08T00:00:00Z,"solar eclipse of April 8, 1921",
http://www.wikidata.org/entity/Q7556196,1959-04-08T00:00:00Z,"solar eclipse of April 8, 1959",
http://www.wikidata.org/entity/Q7556199,1943-08-01T00:00:00Z,"solar eclipse of August 1, 1943",
http://www.wikidata.org/entity/Q7556201,1915-08-10T00:00:00Z,"solar eclipse of August 10, 1915",
http://www.wikidata.org/entity/Q7556203,1934-08-10T00:00:00Z,"solar eclipse of August 10, 1934",
http://www.wikidata.org/entity/Q7556205,1986-04-09T00:00:00Z,"solar eclipse of April 9, 1986",
http://www.wikidata.org/entity/Q7556208,1980-08-10T00:00:00Z,"solar eclipse of August 10, 1980",
http://www.wikidata.org/entity/Q7556210,1961-08-11T00:00:00Z,"solar eclipse of August 11, 1961",
http://www.wikidata.org/entity/Q7556622,1976-10-23T00:00:00Z,"solar eclipse of October 23, 1976",
http://www.wikidata.org/entity/Q7556637,1986-10-03T00:00:00Z,"solar eclipse of October 3, 1986",
http://www.wikidata.org/entity/Q7556639,1902-10-31T00:00:00Z,"solar eclipse of October 31, 1902",
http://www.wikidata.org/entity/Q7556641,1951-09-01T00:00:00Z,"solar eclipse of September 1, 1951",
http://www.wikidata.org/entity/Q7556644,1923-09-10T00:00:00Z,"solar eclipse of September 10, 1923",
http://www.wikidata.org/entity/Q7556645,1942-09-10T00:00:00Z,"solar eclipse of September 10, 1942",
http://www.wikidata.org/entity/Q7556647,1969-09-11T00:00:00Z,"solar eclipse of September 11, 1969",
http://www.wikidata.org/entity/Q7556650,1931-09-12T00:00:00Z,"solar eclipse of September 12, 1931",
http://www.wikidata.org/entity/Q7556652,1950-09-12T00:00:00Z,"solar eclipse of September 12, 1950",
http://www.wikidata.org/entity/Q7556476,1969-03-18T00:00:00Z,"solar eclipse of March 18, 1969",
http://www.wikidata.org/entity/Q7556482,1941-03-27T00:00:00Z,"solar eclipse of March 27, 1941",
http://www.wikidata.org/entity/Q7556484,1960-03-27T00:00:00Z,"solar eclipse of March 27, 1960",
http://www.wikidata.org/entity/Q7556486,1922-03-28T00:00:00Z,"solar eclipse of March 28, 1922",
http://www.wikidata.org/entity/Q7556489,1903-03-29T00:00:00Z,"solar eclipse of March 29, 1903",
http://www.wikidata.org/entity/Q7556496,1924-03-05T00:00:00Z,"solar eclipse of March 5, 1924",
http://www.wikidata.org/entity/Q7556499,1905-03-06T00:00:00Z,"solar eclipse of March 6, 1905",
http://www.wikidata.org/entity/Q7556501,1932-03-07T00:00:00Z,"solar eclipse of March 7, 1932",
http://www.wikidata.org/entity/Q7556503,1951-03-07T00:00:00Z,"solar eclipse of March 7, 1951",
http://www.wikidata.org/entity/Q7556273,1937-12-02T00:00:00Z,"solar eclipse of December 2, 1937",
http://www.wikidata.org/entity/Q7556278,1908-12-23T00:00:00Z,"solar eclipse of December 23, 1908",
http://www.wikidata.org/entity/Q7556280,1916-12-24T00:00:00Z,"solar eclipse of December 24, 1916",
http://www.wikidata.org/entity/Q7556282,1927-12-24T00:00:00Z,"solar eclipse of December 24, 1927",
http://www.wikidata.org/entity/Q7556284,1973-12-24T00:00:00Z,"solar eclipse of December 24, 1973",
http://www.wikidata.org/entity/Q7556286,1935-12-25T00:00:00Z,"solar eclipse of December 25, 1935",
http://www.wikidata.org/entity/Q7556288,1954-12-25T00:00:00Z,"solar eclipse of December 25, 1954",
http://www.wikidata.org/entity/Q7556290,1964-12-04T00:00:00Z,"solar eclipse of December 4, 1964",
http://www.wikidata.org/entity/Q7556292,1918-12-03T00:00:00Z,"solar eclipse of December 3, 1918",
http://www.wikidata.org/entity/Q7556508,1970-03-07T00:00:00Z,"solar eclipse of March 7, 1970",
http://www.wikidata.org/entity/Q7556510,1989-03-07T00:00:00Z,"solar eclipse of March 7, 1989",
http://www.wikidata.org/entity/Q7556512,1975-05-11T00:00:00Z,"solar eclipse of May 11, 1975",
http://www.wikidata.org/entity/Q7556516,1901-05-18T00:00:00Z,"solar eclipse of May 18, 1901",
http://www.wikidata.org/entity/Q7556656,1903-09-21T00:00:00Z,"solar eclipse of September 21, 1903",
http://www.wikidata.org/entity/Q7556658,1960-09-20T00:00:00Z,"solar eclipse of September 20, 1960",
http://www.wikidata.org/entity/Q7556661,1941-09-21T00:00:00Z,"solar eclipse of September 21, 1941",
http://www.wikidata.org/entity/Q7556663,1922-09-21T00:00:00Z,"solar eclipse of September 21, 1922",
http://www.wikidata.org/entity/Q7556297,1983-12-04T00:00:00Z,"solar eclipse of December 4, 1983",
http://www.wikidata.org/entity/Q7556298,1915-02-14T00:00:00Z,"solar eclipse of February 14, 1915",
http://www.wikidata.org/entity/Q7556300,1934-02-14T00:00:00Z,"solar eclipse of February 14, 1934",
http://www.wikidata.org/entity/Q7556302,1953-02-14T00:00:00Z,"solar eclipse of February 14, 1953",
http://www.wikidata.org/entity/Q7556304,1980-02-16T00:00:00Z,"solar eclipse of February 16, 1980",
http://www.wikidata.org/entity/Q7556265,1974-12-13T00:00:00Z,"solar eclipse of December 13, 1974",
http://www.wikidata.org/entity/Q7556267,1917-12-14T00:00:00Z,"solar eclipse of December 14, 1917",
http://www.wikidata.org/entity/Q7556271,1982-12-15T00:00:00Z,"solar eclipse of December 15, 1982",
http://www.wikidata.org/entity/Q7556243,1924-08-30T00:00:00Z,"solar eclipse of August 30, 1924",
http://www.wikidata.org/entity/Q7556245,1913-08-31T00:00:00Z,"solar eclipse of August 31, 1913",
http://www.wikidata.org/entity/Q7556250,1932-08-31T00:00:00Z,"solar eclipse of August 31, 1932",
http://www.wikidata.org/entity/Q7556252,1896-08-09T00:00:00Z,"solar eclipse of August 9, 1896",
http://www.wikidata.org/entity/Q7556253,1970-08-31T00:00:00Z,"solar eclipse of August 31, 1970",
http://www.wikidata.org/entity/Q7556257,1953-08-09T00:00:00Z,"solar eclipse of August 9, 1953",
http://www.wikidata.org/entity/Q7556259,1989-08-31T00:00:00Z,"solar eclipse of August 31, 1989",
http://www.wikidata.org/entity/Q7556261,1909-12-12T00:00:00Z,"solar eclipse of December 12, 1909",
http://www.wikidata.org/entity/Q7556263,1936-12-13T00:00:00Z,"solar eclipse of December 13, 1936",
http://www.wikidata.org/entity/Q7556380,1953-07-11T00:00:00Z,"solar eclipse of July 11, 1953",
http://www.wikidata.org/entity/Q7556384,1917-07-19T00:00:00Z,"solar eclipse of July 19, 1917",
http://www.wikidata.org/entity/Q7556386,1925-07-20T00:00:00Z,"solar eclipse of July 20, 1925",
http://www.wikidata.org/entity/Q7556389,1982-07-20T00:00:00Z,"solar eclipse of July 20, 1982",
http://www.wikidata.org/entity/Q7556391,1963-07-20T00:00:00Z,"solar eclipse of July 20, 1963",
http://www.wikidata.org/entity/Q7556393,1906-07-21T00:00:00Z,"solar eclipse of July 21, 1906",
http://www.wikidata.org/entity/Q7556395,1971-07-22T00:00:00Z,"solar eclipse of July 22, 1971",
http://www.wikidata.org/entity/Q7556400,1916-07-30T00:00:00Z,"solar eclipse of July 30, 1916",
http://www.wikidata.org/entity/Q7556402,1935-07-30T00:00:00Z,"solar eclipse of July 30, 1935",
http://www.wikidata.org/entity/Q7556214,1942-08-12T00:00:00Z,"solar eclipse of August 12, 1942",
http://www.wikidata.org/entity/Q7556229,1906-08-20T00:00:00Z,"solar eclipse of August 20, 1906",
http://www.wikidata.org/entity/Q7556233,1933-08-21T00:00:00Z,"solar eclipse of August 21, 1933",
http://www.wikidata.org/entity/Q7556235,1979-08-22T00:00:00Z,"solar eclipse of August 22, 1979",
http://www.wikidata.org/entity/Q7556241,1905-08-30T00:00:00Z,"solar eclipse of August 30, 1905",
http://www.wikidata.org/entity/Q7556308,1933-02-24T00:00:00Z,"solar eclipse of February 24, 1933",
http://www.wikidata.org/entity/Q7556310,1906-02-23T00:00:00Z,"solar eclipse of February 23, 1906",
http://www.wikidata.org/entity/Q7556312,1914-02-25T00:00:00Z,"solar eclipse of February 25, 1914",
http://www.wikidata.org/entity/Q7556314,1952-02-25T00:00:00Z,"solar eclipse of February 25, 1952",
http://www.wikidata.org/entity/Q7556318,1979-02-26T00:00:00Z,"solar eclipse of February 26, 1979",
http://www.wikidata.org/entity/Q7556328,1916-02-03T00:00:00Z,"solar eclipse of February 3, 1916",
http://www.wikidata.org/entity/Q7556330,1935-02-03T00:00:00Z,"solar eclipse of February 3, 1935",
http://www.wikidata.org/entity/Q7556333,1981-02-04T00:00:00Z,"solar eclipse of February 4, 1981",
http://www.wikidata.org/entity/Q7556335,1943-02-04T00:00:00Z,"solar eclipse of February 4, 1943",
http://www.wikidata.org/entity/Q7556404,1924-07-31T00:00:00Z,"solar eclipse of July 31, 1924",
http://www.wikidata.org/entity/Q7556409,1962-07-31T00:00:00Z,"solar eclipse of July 31, 1962",
http://www.wikidata.org/entity/Q7556411,1926-07-09T00:00:00Z,"solar eclipse of July 9, 1926",
http://www.wikidata.org/entity/Q7556420,1964-07-09T00:00:00Z,"solar eclipse of July 9, 1964",
http://www.wikidata.org/entity/Q7556422,1964-06-10T00:00:00Z,"solar eclipse of June 10, 1964",
http://www.wikidata.org/entity/Q7556425,1983-06-11T00:00:00Z,"solar eclipse of June 11, 1983",
http://www.wikidata.org/entity/Q7556428,1909-06-17T00:00:00Z,"solar eclipse of June 17, 1909",
http://www.wikidata.org/entity/Q7556430,1928-06-17T00:00:00Z,"solar eclipse of June 17, 1928",
http://www.wikidata.org/entity/Q7556432,1917-06-19T00:00:00Z,"solar eclipse of June 19, 1917",
http://www.wikidata.org/entity/Q7556448,1927-06-29T00:00:00Z,"solar eclipse of June 29, 1927",
http://www.wikidata.org/entity/Q7556450,1908-06-28T00:00:00Z,"solar eclipse of June 28, 1908",
http://www.wikidata.org/entity/Q7556452,1946-06-29T00:00:00Z,"solar eclipse of June 29, 1946",
http://www.wikidata.org/entity/Q7556454,1935-06-30T00:00:00Z,"solar eclipse of June 30, 1935",
http://www.wikidata.org/entity/Q7556458,1918-06-08T00:00:00Z,"solar eclipse of June 8, 1918",
http://www.wikidata.org/entity/Q7556460,1937-06-08T00:00:00Z,"solar eclipse of June 8, 1937",
http://www.wikidata.org/entity/Q7556462,1956-06-08T00:00:00Z,"solar eclipse of June 8, 1956",
http://www.wikidata.org/entity/Q7556466,1954-06-30T00:00:00Z,"solar eclipse of June 30, 1954",
http://www.wikidata.org/entity/Q7556468,1942-03-16T00:00:00Z,"solar eclipse of March 16, 1942",
http://www.wikidata.org/entity/Q7556185,1957-04-30T00:00:00Z,"solar eclipse of April 30, 1957",
http://www.wikidata.org/entity/Q7556187,1978-04-07T00:00:00Z,"solar eclipse of April 7, 1978",
http://www.wikidata.org/entity/Q7556191,1940-04-07T00:00:00Z,"solar eclipse of April 7, 1940",
http://www.wikidata.org/entity/Q4850939,1970-01-01T00:00:00Z,Years of Lead,
http://www.wikidata.org/entity/Q8187715,1985-01-01T00:00:00Z,accession of Spain to the European Economic Community,
http://www.wikidata.org/entity/Q9008830,2004-05-01T00:00:00Z,accession of Poland to the European Union,
http://www.wikidata.org/entity/Q13580134,2007-01-01T00:00:00Z,accession of Bulgaria to the European Union,
http://www.wikidata.org/entity/Q16512674,1904-01-01T00:00:00Z,Herero Wars,
http://www.wikidata.org/entity/Q17050340,1973-01-01T00:00:00Z,1973 enlargement of the European Communities,
http://www.wikidata.org/entity/Q18109198,1986-01-01T00:00:00Z,1986 enlargement of the European Communities,
http://www.wikidata.org/entity/Q20709325,2015-07-13T00:00:00Z,death of Sandra Bland,
http://www.wikidata.org/entity/Q7556337,1962-02-05T00:00:00Z,"solar eclipse of February 5, 1962",
http://www.wikidata.org/entity/Q7556343,1907-01-14T00:00:00Z,"solar eclipse of January 14, 1907",
http://www.wikidata.org/entity/Q7556345,1926-01-14T00:00:00Z,"solar eclipse of January 14, 1926",
http://www.wikidata.org/entity/Q7556347,1964-01-14T00:00:00Z,"solar eclipse of January 14, 1964",
http://www.wikidata.org/entity/Q7556350,1898-01-22T00:00:00Z,"solar eclipse of January 22, 1898",
http://www.wikidata.org/entity/Q7556353,1917-01-23T00:00:00Z,"solar eclipse of January 23, 1917",
http://www.wikidata.org/entity/Q7556356,1925-01-24T00:00:00Z,"solar eclipse of January 24, 1925",
http://www.wikidata.org/entity/Q7556358,1944-01-25T00:00:00Z,"solar eclipse of January 25, 1944",
http://www.wikidata.org/entity/Q7556360,1963-01-25T00:00:00Z,"solar eclipse of January 25, 1963",
http://www.wikidata.org/entity/Q7556365,1908-01-03T00:00:00Z,"solar eclipse of January 3, 1908",
http://www.wikidata.org/entity/Q7556368,1946-01-03T00:00:00Z,"solar eclipse of January 3, 1946",
http://www.wikidata.org/entity/Q7556371,1935-01-05T00:00:00Z,"solar eclipse of January 5, 1935",
http://www.wikidata.org/entity/Q7556377,1907-07-10T00:00:00Z,"solar eclipse of July 10, 1907",
http://www.wikidata.org/entity/Q7556379,1972-07-10T00:00:00Z,"solar eclipse of July 10, 1972",
http://www.wikidata.org/entity/Q7556163,1893-04-16T00:00:00Z,"solar eclipse of April 16, 1893",
http://www.wikidata.org/entity/Q7556165,1931-04-18T00:00:00Z,"solar eclipse of April 18, 1931",
http://www.wikidata.org/entity/Q7556167,1977-04-18T00:00:00Z,"solar eclipse of April 18, 1977",
http://www.wikidata.org/entity/Q7556169,1939-04-19T00:00:00Z,"solar eclipse of April 19, 1939",
http://www.wikidata.org/entity/Q7556171,1958-04-19T00:00:00Z,"solar eclipse of April 19, 1958",
http://www.wikidata.org/entity/Q7556175,1930-04-28T00:00:00Z,"solar eclipse of April 28, 1930",
http://www.wikidata.org/entity/Q7556177,1911-04-28T00:00:00Z,"solar eclipse of April 28, 1911",
http://www.wikidata.org/entity/Q7556179,1949-04-28T00:00:00Z,"solar eclipse of April 28, 1949",
http://www.wikidata.org/entity/Q7556181,1976-04-29T00:00:00Z,"solar eclipse of April 29, 1976",
http://www.wikidata.org/entity/Q7556470,1904-03-17T00:00:00Z,"solar eclipse of March 17, 1904",
http://www.wikidata.org/entity/Q7556472,1923-03-17T00:00:00Z,"solar eclipse of March 17, 1923",
http://www.wikidata.org/entity/Q7556474,1950-03-18T00:00:00Z,"solar eclipse of March 18, 1950",
http://www.wikidata.org/entity/Q7556435,1955-06-20T00:00:00Z,"solar eclipse of June 20, 1955",
http://www.wikidata.org/entity/Q7556437,1974-06-20T00:00:00Z,"solar eclipse of June 20, 1974",
http://www.wikidata.org/entity/Q7556439,1982-06-21T00:00:00Z,"solar eclipse of June 21, 1982",
http://www.wikidata.org/entity/Q22686517,2015-01-01T00:00:00Z,September 2015 Marib Toshka missile attack,
http://www.wikidata.org/entity/Q22948406,1979-02-11T00:00:00Z,Iran–Saudi Arabia proxy conflict,
http://www.wikidata.org/entity/Q7556517,1920-05-18T00:00:00Z,"solar eclipse of May 18, 1920",
http://www.wikidata.org/entity/Q7556519,1928-05-19T00:00:00Z,"solar eclipse of May 19, 1928",
http://www.wikidata.org/entity/Q7556531,1985-05-19T00:00:00Z,"solar eclipse of May 19, 1985",
http://www.wikidata.org/entity/Q7556533,1947-05-20T00:00:00Z,"solar eclipse of May 20, 1947",
http://www.wikidata.org/entity/Q7556535,1966-05-20T00:00:00Z,"solar eclipse of May 20, 1966",
http://www.wikidata.org/entity/Q7556537,1900-05-28T00:00:00Z,"solar eclipse of May 28, 1900",
http://www.wikidata.org/entity/Q7556541,1946-05-30T00:00:00Z,"solar eclipse of May 30, 1946",
http://www.wikidata.org/entity/Q7556543,1965-05-30T00:00:00Z,"solar eclipse of May 30, 1965",
http://www.wikidata.org/entity/Q7556545,1910-05-09T00:00:00Z,"solar eclipse of May 9, 1910",
http://www.wikidata.org/entity/Q10858195,1971-08-20T00:00:00Z,"solar eclipse of August 20, 1971",
http://www.wikidata.org/entity/Q10858201,1944-07-20T00:00:00Z,"solar eclipse of July 20, 1944",
http://www.wikidata.org/entity/Q10858216,1946-11-23T00:00:00Z,"solar eclipse of November 23, 1946",
http://www.wikidata.org/entity/Q10858221,1971-02-25T00:00:00Z,"solar eclipse of February 25, 1971",
http://www.wikidata.org/entity/Q10858235,1968-03-28T00:00:00Z,"solar eclipse of March 28, 1968",
http://www.wikidata.org/entity/Q10858246,1927-01-03T00:00:00Z,"solar eclipse of January 3, 1927",
http://www.wikidata.org/entity/Q10858252,1973-01-04T00:00:00Z,"solar eclipse of January 4, 1973",
http://www.wikidata.org/entity/Q10858273,1948-05-09T00:00:00Z,"solar eclipse of May 9, 1948",
http://www.wikidata.org/entity/Q10858274,1967-05-09T00:00:00Z,"solar eclipse of May 9, 1967",
http://www.wikidata.org/entity/Q7556547,1902-05-07T00:00:00Z,"solar eclipse of May 7, 1902",
http://www.wikidata.org/entity/Q7556548,1929-05-09T00:00:00Z,"solar eclipse of May 9, 1929",
http://www.wikidata.org/entity/Q7556552,1929-11-01T00:00:00Z,"solar eclipse of November 1, 1929",
http://www.wikidata.org/entity/Q7556554,1948-11-01T00:00:00Z,"solar eclipse of November 1, 1948",
http://www.wikidata.org/entity/Q7556556,1920-11-10T00:00:00Z,"solar eclipse of November 10, 1920",
http://www.wikidata.org/entity/Q7556559,1901-11-11T00:00:00Z,"solar eclipse of November 11, 1901",
http://www.wikidata.org/entity/Q7556562,1947-11-12T00:00:00Z,"solar eclipse of November 12, 1947",
http://www.wikidata.org/entity/Q7556564,1966-11-12T00:00:00Z,"solar eclipse of November 12, 1966",
http://www.wikidata.org/entity/Q7556567,1985-11-12T00:00:00Z,"solar eclipse of November 12, 1985",
http://www.wikidata.org/entity/Q7556618,1911-10-22T00:00:00Z,"solar eclipse of October 22, 1911",
http://www.wikidata.org/entity/Q7556620,1957-10-23T00:00:00Z,"solar eclipse of October 23, 1957",
http://www.wikidata.org/entity/Q7556571,1910-11-02T00:00:00Z,"solar eclipse of November 2, 1910",
http://www.wikidata.org/entity/Q7556573,1967-11-02T00:00:00Z,"solar eclipse of November 2, 1967",
http://www.wikidata.org/entity/Q7556575,1938-11-21T00:00:00Z,"solar eclipse of November 21, 1938",
http://www.wikidata.org/entity/Q7556577,1919-11-22T00:00:00Z,"solar eclipse of November 22, 1919",
http://www.wikidata.org/entity/Q7556583,1984-11-22T00:00:00Z,"solar eclipse of November 22, 1984",
http://www.wikidata.org/entity/Q7556585,1965-11-23T00:00:00Z,"solar eclipse of November 23, 1965",
http://www.wikidata.org/entity/Q7556589,1975-11-03T00:00:00Z,"solar eclipse of November 3, 1975",
http://www.wikidata.org/entity/Q7556596,1921-10-01T00:00:00Z,"solar eclipse of October 1, 1921",
http://www.wikidata.org/entity/Q7556598,1912-10-10T00:00:00Z,"solar eclipse of October 10, 1912",
http://www.wikidata.org/entity/Q829875,1970-01-15T00:00:00Z,Nigerian Civil War,
http://www.wikidata.org/entity/Q842380,2005-01-09T00:00:00Z,Second Sudanese Civil War,
http://www.wikidata.org/entity/Q7556674,1913-09-30T00:00:00Z,"solar eclipse of September 30, 1913",
http://www.wikidata.org/entity/Q7556680,1904-09-09T00:00:00Z,"solar eclipse of September 9, 1904",
http://www.wikidata.org/entity/Q8214891,1988-03-18T00:00:00Z,"solar eclipse of March 18, 1988",
http://www.wikidata.org/entity/Q8214980,1988-09-11T00:00:00Z,"solar eclipse of September 11, 1988",
http://www.wikidata.org/entity/Q10858150,1928-11-12T00:00:00Z,"solar eclipse of November 12, 1928",
http://www.wikidata.org/entity/Q10858162,1955-12-14T00:00:00Z,"solar eclipse of December 14, 1955",
http://www.wikidata.org/entity/Q7556600,1931-10-11T00:00:00Z,"solar eclipse of October 11, 1931",
http://www.wikidata.org/entity/Q7556602,1939-10-12T00:00:00Z,"solar eclipse of October 12, 1939",
http://www.wikidata.org/entity/Q7556604,1958-10-12T00:00:00Z,"solar eclipse of October 12, 1958",
http://www.wikidata.org/entity/Q7556606,1977-10-12T00:00:00Z,"solar eclipse of October 12, 1977",
http://www.wikidata.org/entity/Q7556609,1978-10-02T00:00:00Z,"solar eclipse of October 2, 1978",
http://www.wikidata.org/entity/Q7556612,1959-10-02T00:00:00Z,"solar eclipse of October 2, 1959",
http://www.wikidata.org/entity/Q7556614,1930-10-21T00:00:00Z,"solar eclipse of October 21, 1930",
http://www.wikidata.org/entity/Q7556616,1949-10-21T00:00:00Z,"solar eclipse of October 21, 1949",
http://www.wikidata.org/entity/Q60375,2014-10-08T00:00:00Z,October 2014 lunar eclipse,
http://www.wikidata.org/entity/Q165725,1912-10-08T00:00:00Z,Balkan Wars,
http://www.wikidata.org/entity/Q945700,2005-12-18T00:00:00Z,Chad–Sudan Conflict,
http://www.wikidata.org/entity/Q1021172,1999-12-29T00:00:00Z,Republica oficina the Congo Civil War,
http://www.wikidata.org/entity/Q1052332,2009-01-31T00:00:00Z,Somali Civil War 2009-present,
http://www.wikidata.org/entity/Q1070890,1991-12-22T00:00:00Z,Georgian Civil War of 1991-1993,
http://www.wikidata.org/entity/Q1068202,2008-02-21T00:00:00Z,February 2008 lunar eclipse,
http://www.wikidata.org/entity/Q200790,1954-11-01T00:00:00Z,Algerian War,
http://www.wikidata.org/entity/Q208297,1919-01-21T00:00:00Z,Irish War of Independence,
http://www.wikidata.org/entity/Q234738,1922-10-11T00:00:00Z,Turkish War of Independence,
http://www.wikidata.org/entity/Q1061008,2009-12-31T00:00:00Z,December 2009 lunar eclipse,
http://www.wikidata.org/entity/Q1061019,2009-07-07T00:00:00Z,July 2009 lunar eclipse,
http://www.wikidata.org/entity/Q1061340,2009-08-06T00:00:00Z,August 2009 lunar eclipse,
http://www.wikidata.org/entity/Q2982498,2012-06-04T00:00:00Z,June 2012 lunar eclipse,
http://www.wikidata.org/entity/Q3110462,2009-02-09T00:00:00Z,February 2009 lunar eclipse,
http://www.wikidata.org/entity/Q4611790,2008-08-16T00:00:00Z,2008 Poland tornado outbreak,
http://www.wikidata.org/entity/Q4621984,2011-06-01T00:00:00Z,2011 New England tornado outbreak,
http://www.wikidata.org/entity/Q5600047,1975-01-01T00:00:00Z,Great Storm of 1975,
http://www.wikidata.org/entity/Q6495157,1998-01-01T00:00:00Z,Late-May 1998 tornado outbreak and derecho,
http://www.wikidata.org/entity/Q7570228,2005-01-01T00:00:00Z,Southern Ontario Tornado Outbreak of 2005,
http://www.wikidata.org/entity/Q7570230,2009-08-20T00:00:00Z,Southern Ontario Tornado Outbreak of 2009,
http://www.wikidata.org/entity/Q25345127,2000-04-23T00:00:00Z,2000 Easter Sunday tornado outbreak,
http://www.wikidata.org/entity/Q61963712,2019-03-03T00:00:00Z,"Tornado outbreak of March 3, 2019",
http://www.wikidata.org/entity/Q48728719,1933-01-01T00:00:00Z,Burung Petala processions,
http://www.wikidata.org/entity/Q1122110,1997-06-27T00:00:00Z,Tajikistani Civil War,
http://www.wikidata.org/entity/Q1122422,1947-01-01T00:00:00Z,Paraguayan Civil War of 1947,
http://www.wikidata.org/entity/Q2444955,1979-12-12T00:00:00Z,Rhodesian Bush War,
http://www.wikidata.org/entity/Q1127302,1918-11-28T00:00:00Z,Estonian War of Independence,
http://www.wikidata.org/entity/Q1200541,2011-12-10T00:00:00Z,December 2011 lunar eclipse,
http://www.wikidata.org/entity/Q1514908,1895-02-24T00:00:00Z,Cuban War of Independence,
http://www.wikidata.org/entity/Q2037636,2011-06-15T00:00:00Z,June 2011 lunar eclipse,
http://www.wikidata.org/entity/Q2248097,2010-06-26T00:00:00Z,June 2010 lunar eclipse,
http://www.wikidata.org/entity/Q2334315,2010-12-21T00:00:00Z,December 2010 lunar eclipse,
http://www.wikidata.org/entity/Q2479606,1917-11-08T00:00:00Z,Ukrainian War of Independence,
http://www.wikidata.org/entity/Q2887066,2015-04-04T00:00:00Z,April 2015 lunar eclipse,
http://www.wikidata.org/entity/Q4781882,1967-04-24T00:00:00Z,April 1967 lunar eclipse,
http://www.wikidata.org/entity/Q4781883,1968-04-13T00:00:00Z,April 1968 lunar eclipse,
http://www.wikidata.org/entity/Q4781884,1969-04-02T00:00:00Z,April 1969 lunar eclipse,
http://www.wikidata.org/entity/Q4781892,1986-04-24T00:00:00Z,April 1986 lunar eclipse,
http://www.wikidata.org/entity/Q4781893,1987-04-14T00:00:00Z,April 1987 lunar eclipse,
http://www.wikidata.org/entity/Q4781897,1995-04-15T00:00:00Z,April 1995 lunar eclipse,
http://www.wikidata.org/entity/Q4781898,1996-04-04T00:00:00Z,April 1996 lunar eclipse,
http://www.wikidata.org/entity/Q4781960,2014-04-15T00:00:00Z,April 2014 lunar eclipse,
http://www.wikidata.org/entity/Q4781964,2013-04-25T00:00:00Z,April 2013 lunar eclipse,
http://www.wikidata.org/entity/Q4820519,1942-08-26T00:00:00Z,August 1942 lunar eclipse,
http://www.wikidata.org/entity/Q4820522,1952-08-05T00:00:00Z,August 1952 lunar eclipse,
http://www.wikidata.org/entity/Q21055892,1891-12-01T00:00:00Z,"solar eclipse of December 1, 1891",
http://www.wikidata.org/entity/Q21055895,1892-04-26T00:00:00Z,"solar eclipse of April 26, 1892",
http://www.wikidata.org/entity/Q3151731,1964-01-01T00:00:00Z,Dirty War,
http://www.wikidata.org/entity/Q3519902,2012-11-28T00:00:00Z,November 2012 lunar eclipse,
http://www.wikidata.org/entity/Q3577532,2005-10-17T00:00:00Z,October 2005 lunar eclipse,
http://www.wikidata.org/entity/Q3577533,2006-03-14T00:00:00Z,March 2006 lunar eclipse,
http://www.wikidata.org/entity/Q3577534,2008-08-16T00:00:00Z,September  2008 lunar eclipse,
http://www.wikidata.org/entity/Q3577535,2006-09-07T00:00:00Z,September 2006 lunar eclipse,
http://www.wikidata.org/entity/Q3577536,2007-03-03T00:00:00Z,March 2007 lunar eclipse,
http://www.wikidata.org/entity/Q4211700,1936-12-01T00:00:00Z,Actions in Inner Mongolia,
http://www.wikidata.org/entity/Q4382589,1921-01-01T00:00:00Z,Charles IV of Habsburg's attempts to retake the throne of Hungary,
http://www.wikidata.org/entity/Q4781858,1903-04-12T00:00:00Z,April 1903 lunar eclipse,
http://www.wikidata.org/entity/Q4781865,1921-04-22T00:00:00Z,April 1921 lunar eclipse,
http://www.wikidata.org/entity/Q4781872,1950-04-02T00:00:00Z,April 1950 lunar eclipse,
http://www.wikidata.org/entity/Q4781878,1958-04-04T00:00:00Z,April 1958 lunar eclipse,
http://www.wikidata.org/entity/Q5248953,1982-12-30T00:00:00Z,December 1982 lunar eclipse,
http://www.wikidata.org/entity/Q5248955,1983-12-20T00:00:00Z,December 1983 lunar eclipse,
http://www.wikidata.org/entity/Q5248956,1991-12-21T00:00:00Z,December 1991 lunar eclipse,
http://www.wikidata.org/entity/Q5248957,1992-12-09T00:00:00Z,December 1992 lunar eclipse,
http://www.wikidata.org/entity/Q5248964,2001-12-30T00:00:00Z,December 2001 lunar eclipse,
http://www.wikidata.org/entity/Q5439753,1951-02-21T00:00:00Z,February 1951 lunar eclipse,
http://www.wikidata.org/entity/Q5439754,1952-02-11T00:00:00Z,February 1952 lunar eclipse,
http://www.wikidata.org/entity/Q5439757,1962-02-19T00:00:00Z,February 1962 lunar eclipse,
http://www.wikidata.org/entity/Q5439762,1970-02-21T00:00:00Z,February 1970 lunar eclipse,
http://www.wikidata.org/entity/Q5439765,1971-02-10T00:00:00Z,February 1971 lunar eclipse,
http://www.wikidata.org/entity/Q5439771,1989-02-20T00:00:00Z,February 1989 lunar eclipse,
http://www.wikidata.org/entity/Q5439772,1990-02-09T00:00:00Z,February 1990 lunar eclipse,
http://www.wikidata.org/entity/Q5439831,2017-02-11T00:00:00Z,February 2017 lunar eclipse,
http://www.wikidata.org/entity/Q5817055,2013-10-18T00:00:00Z,October 2013 lunar eclipse,
http://www.wikidata.org/entity/Q16000727,1964-06-25T00:00:00Z,June 1964 lunar eclipse,
http://www.wikidata.org/entity/Q7452100,1913-09-15T00:00:00Z,September 1913 lunar eclipse,
http://www.wikidata.org/entity/Q7452106,1959-09-17T00:00:00Z,September 1959 lunar eclipse,
http://www.wikidata.org/entity/Q7452107,1960-09-05T00:00:00Z,September 1960 lunar eclipse,
http://www.wikidata.org/entity/Q7452111,1969-09-25T00:00:00Z,September 1969 lunar eclipse,
http://www.wikidata.org/entity/Q7452119,1977-09-27T00:00:00Z,September 1977 lunar eclipse,
http://www.wikidata.org/entity/Q7452122,1979-09-06T00:00:00Z,September 1979 lunar eclipse,
http://www.wikidata.org/entity/Q7452128,1996-09-27T00:00:00Z,September 1996 lunar eclipse,
http://www.wikidata.org/entity/Q7452129,1997-09-16T00:00:00Z,September 1997 lunar eclipse,
http://www.wikidata.org/entity/Q7452130,1998-09-06T00:00:00Z,September 1998 lunar eclipse,
http://www.wikidata.org/entity/Q7452183,2016-09-16T00:00:00Z,September 2016 lunar eclipse,
http://www.wikidata.org/entity/Q9285073,2013-05-25T00:00:00Z,May 2013 lunar eclipse,
http://www.wikidata.org/entity/Q12061400,2007-08-28T00:00:00Z,August 2007 lunar eclipse,
http://www.wikidata.org/entity/Q16000641,1914-03-12T00:00:00Z,March 1914 lunar eclipse,
http://www.wikidata.org/entity/Q16000654,1920-05-03T00:00:00Z,May 1920 lunar eclipse,
http://www.wikidata.org/entity/Q16000704,1954-07-16T00:00:00Z,July 1954 lunar eclipse,
http://www.wikidata.org/entity/Q16000717,1960-03-13T00:00:00Z,March 1960 lunar eclipse,
http://www.wikidata.org/entity/Q2946372,2012-01-16T00:00:00Z,Mali War,
http://www.wikidata.org/entity/Q3119017,1980-10-06T00:00:00Z,Ugandan Bush War,
http://www.wikidata.org/entity/Q3434218,1948-04-24T00:00:00Z,Costa Rican Civil War,
http://www.wikidata.org/entity/Q6155803,2018-01-31T00:00:00Z,January 2018 lunar eclipse,
http://www.wikidata.org/entity/Q6310475,1953-07-26T00:00:00Z,July 1953 lunar eclipse,
http://www.wikidata.org/entity/Q6310479,1962-07-17T00:00:00Z,July 1962 lunar eclipse,
http://www.wikidata.org/entity/Q6310484,1963-07-06T00:00:00Z,July 1963 lunar eclipse,
http://www.wikidata.org/entity/Q6310494,1973-07-15T00:00:00Z,July 1973 lunar eclipse,
http://www.wikidata.org/entity/Q6310501,1980-07-27T00:00:00Z,July 1980 lunar eclipse,
http://www.wikidata.org/entity/Q6310503,1981-07-17T00:00:00Z,July 1981 lunar eclipse,
http://www.wikidata.org/entity/Q6310505,1982-07-06T00:00:00Z,July 1982 lunar eclipse,
http://www.wikidata.org/entity/Q6310507,1991-07-26T00:00:00Z,July 1991 lunar eclipse,
http://www.wikidata.org/entity/Q6310509,1999-07-28T00:00:00Z,July 1999 lunar eclipse,
http://www.wikidata.org/entity/Q6310515,2000-07-16T00:00:00Z,July 2000 lunar eclipse,
http://www.wikidata.org/entity/Q6310517,2001-07-05T00:00:00Z,July 2001 lunar eclipse,
http://www.wikidata.org/entity/Q6310603,2018-07-27T00:00:00Z,July 2018 lunar eclipse,
http://www.wikidata.org/entity/Q5817057,2015-09-28T00:00:00Z,September 2015 lunar eclipse,
http://www.wikidata.org/entity/Q6155698,1953-01-29T00:00:00Z,January 1953 lunar eclipse,
http://www.wikidata.org/entity/Q6155700,1954-01-19T00:00:00Z,January 1954 lunar eclipse,
http://www.wikidata.org/entity/Q6155702,1955-01-08T00:00:00Z,January 1955 lunar eclipse,
http://www.wikidata.org/entity/Q6155708,1963-01-09T00:00:00Z,January 1963 lunar eclipse,
http://www.wikidata.org/entity/Q6155713,1972-01-30T00:00:00Z,January 1972 lunar eclipse,
http://www.wikidata.org/entity/Q6155717,1973-01-18T00:00:00Z,January 1973 lunar eclipse,
http://www.wikidata.org/entity/Q6155721,1981-01-20T00:00:00Z,January 1981 lunar eclipse,
http://www.wikidata.org/entity/Q6155725,1991-01-30T00:00:00Z,January 1991 lunar eclipse,
http://www.wikidata.org/entity/Q6155729,1999-01-31T00:00:00Z,January 1999 lunar eclipse,
http://www.wikidata.org/entity/Q6155740,2000-01-21T00:00:00Z,January 2000 lunar eclipse,
http://www.wikidata.org/entity/Q6155742,2001-01-09T00:00:00Z,January 2001 lunar eclipse,
http://www.wikidata.org/entity/Q6155802,2019-01-21T00:00:00Z,January 2019 lunar eclipse,
http://www.wikidata.org/entity/Q4820523,1951-08-17T00:00:00Z,August 1951 lunar eclipse,
http://www.wikidata.org/entity/Q4820525,1962-08-15T00:00:00Z,August 1962 lunar eclipse,
http://www.wikidata.org/entity/Q4820527,1961-08-26T00:00:00Z,August 1961 lunar eclipse,
http://www.wikidata.org/entity/Q4820529,1969-08-27T00:00:00Z,August 1969 lunar eclipse,
http://www.wikidata.org/entity/Q4820530,1970-08-17T00:00:00Z,August 1970 lunar eclipse,
http://www.wikidata.org/entity/Q4820533,1971-08-06T00:00:00Z,August 1971 lunar eclipse,
http://www.wikidata.org/entity/Q4820538,1980-08-26T00:00:00Z,August 1980 lunar eclipse,
http://www.wikidata.org/entity/Q4820540,1988-08-27T00:00:00Z,August 1988 lunar eclipse,
http://www.wikidata.org/entity/Q4820541,1989-08-17T00:00:00Z,August 1989 lunar eclipse,
http://www.wikidata.org/entity/Q4820543,1990-08-06T00:00:00Z,August 1990 lunar eclipse,
http://www.wikidata.org/entity/Q4820544,1998-08-08T00:00:00Z,August 1998 lunar eclipse,
http://www.wikidata.org/entity/Q4820591,2016-08-18T00:00:00Z,August 2016 lunar eclipse,
http://www.wikidata.org/entity/Q4820594,2017-08-07T00:00:00Z,August 2017 lunar eclipse,
http://www.wikidata.org/entity/Q5248940,1963-12-30T00:00:00Z,December 1963 lunar eclipse,
http://www.wikidata.org/entity/Q5248944,1964-12-19T00:00:00Z,December 1964 lunar eclipse,
http://www.wikidata.org/entity/Q5248945,1965-12-08T00:00:00Z,December 1965 lunar eclipse,
http://www.wikidata.org/entity/Q5248950,1973-12-10T00:00:00Z,December 1973 lunar eclipse,
http://www.wikidata.org/entity/Q1146513,1990-07-22T00:00:00Z,"solar eclipse of July 22, 1990",
http://www.wikidata.org/entity/Q1281799,1999-08-11T00:00:00Z,"solar eclipse of August 11, 1999",
http://www.wikidata.org/entity/Q1368046,2019-07-02T00:00:00Z,"solar eclipse of July 2, 2019",
http://www.wikidata.org/entity/Q1409455,1992-06-30T00:00:00Z,"solar eclipse of June 30, 1992",
http://www.wikidata.org/entity/Q1437630,2017-08-21T00:00:00Z,"solar eclipse of August 21, 2017",
http://www.wikidata.org/entity/Q21647838,2015-12-04T00:00:00Z,German intervention against the Islamic State,
http://www.wikidata.org/entity/Q1640337,1995-10-24T00:00:00Z,"solar eclipse of October 24, 1995",
http://www.wikidata.org/entity/Q1513462,1991-07-11T00:00:00Z,"solar eclipse of July 11, 1991",
http://www.wikidata.org/entity/Q1516903,2001-06-21T00:00:00Z,"solar eclipse of June 21, 2001",
http://www.wikidata.org/entity/Q1516937,2003-11-23T00:00:00Z,"solar eclipse of November 23, 2003",
http://www.wikidata.org/entity/Q1549112,2016-03-09T00:00:00Z,"solar eclipse of March 9, 2016",
http://www.wikidata.org/entity/Q1584078,1994-11-03T00:00:00Z,"solar eclipse of November 3, 1994",
http://www.wikidata.org/entity/Q1859295,1998-02-26T00:00:00Z,"solar eclipse of February 26, 1998",
http://www.wikidata.org/entity/Q1859834,1997-03-09T00:00:00Z,"solar eclipse of March 9, 1997",
http://www.wikidata.org/entity/Q2035756,1919-05-29T00:00:00Z,"solar eclipse of May 29, 1919",
http://www.wikidata.org/entity/Q2301900,1914-08-21T00:00:00Z,"solar eclipse of August 21, 1914",
http://www.wikidata.org/entity/Q3084791,1938-05-29T00:00:00Z,"solar eclipse of May 29, 1938",
http://www.wikidata.org/entity/Q3577541,1961-02-15T00:00:00Z,"solar eclipse of February 15, 1961",
http://www.wikidata.org/entity/Q5887712,1899-01-01T00:00:00Z,Federal Revolution of 1899,
http://www.wikidata.org/entity/Q5887721,1894-10-24T00:00:00Z,Peruvian Civil War of 1894–1895,
http://www.wikidata.org/entity/Q10292592,2007-07-21T00:00:00Z,Insurgency in Ingushetia,
http://www.wikidata.org/entity/Q10360270,1988-12-01T00:00:00Z,Bougainville conflict,
http://www.wikidata.org/entity/Q12055176,1975-11-11T00:00:00Z,Angolan Civil War,
http://www.wikidata.org/entity/Q671065,2008-08-01T00:00:00Z,"solar eclipse of August 1, 2008",
http://www.wikidata.org/entity/Q684445,2002-12-04T00:00:00Z,"solar eclipse of December 4, 2002",
http://www.wikidata.org/entity/Q774379,2010-07-11T00:00:00Z,"solar eclipse of July 11, 2010",
http://www.wikidata.org/entity/Q934366,2006-03-29T00:00:00Z,"Solar eclipse of March 29, 2006",
http://www.wikidata.org/entity/Q1107678,1973-06-30T00:00:00Z,"solar eclipse of June 30, 1973",
http://www.wikidata.org/entity/Q6310606,2019-07-16T00:00:00Z,July 2019 lunar eclipse,
http://www.wikidata.org/entity/Q6311989,1928-06-03T00:00:00Z,June 1928 lunar eclipse,
http://www.wikidata.org/entity/Q6311997,1946-06-14T00:00:00Z,June 1946 lunar eclipse,
http://www.wikidata.org/entity/Q6312002,1955-06-05T00:00:00Z,June 1955 lunar eclipse,
http://www.wikidata.org/entity/Q6312012,1965-06-14T00:00:00Z,June 1965 lunar eclipse,
http://www.wikidata.org/entity/Q6312022,1973-06-15T00:00:00Z,June 1973 lunar eclipse,
http://www.wikidata.org/entity/Q6312024,1974-06-04T00:00:00Z,June 1974 lunar eclipse,
http://www.wikidata.org/entity/Q6312033,1984-06-13T00:00:00Z,June 1984 lunar eclipse,
http://www.wikidata.org/entity/Q6312037,1991-06-27T00:00:00Z,June 1991 lunar eclipse,
http://www.wikidata.org/entity/Q6312038,1992-06-15T00:00:00Z,June 1992 lunar eclipse,
http://www.wikidata.org/entity/Q6312041,1993-06-04T00:00:00Z,June 1993 lunar eclipse,
http://www.wikidata.org/entity/Q6756727,1961-03-02T00:00:00Z,March 1961 lunar eclipse,
http://www.wikidata.org/entity/Q6756738,1978-03-24T00:00:00Z,March 1978 lunar eclipse,
http://www.wikidata.org/entity/Q6756739,1980-03-01T00:00:00Z,March 1980 lunar eclipse,
http://www.wikidata.org/entity/Q6756740,1979-03-13T00:00:00Z,March 1979 lunar eclipse,
http://www.wikidata.org/entity/Q6756744,1988-03-03T00:00:00Z,March 1988 lunar eclipse,
http://www.wikidata.org/entity/Q6756748,1997-03-24T00:00:00Z,March 1997 lunar eclipse,
http://www.wikidata.org/entity/Q6756749,1998-03-13T00:00:00Z,March 1998 lunar eclipse,
http://www.wikidata.org/entity/Q6756800,2016-03-23T00:00:00Z,March 2016 lunar eclipse,
http://www.wikidata.org/entity/Q6796262,1910-05-24T00:00:00Z,May 1910 lunar eclipse,
http://www.wikidata.org/entity/Q6796273,1939-05-03T00:00:00Z,May 1939 lunar eclipse,
http://www.wikidata.org/entity/Q6796280,1956-05-24T00:00:00Z,May 1956 lunar eclipse,
http://www.wikidata.org/entity/Q6796281,1957-05-13T00:00:00Z,May 1957 lunar eclipse,
http://www.wikidata.org/entity/Q6796283,1958-05-03T00:00:00Z,May 1958 lunar eclipse,
http://www.wikidata.org/entity/Q6796295,1975-05-25T00:00:00Z,May 1975 lunar eclipse,
http://www.wikidata.org/entity/Q6796296,1976-05-13T00:00:00Z,May 1976 lunar eclipse,
http://www.wikidata.org/entity/Q6796299,1984-05-15T00:00:00Z,May 1984 lunar eclipse,
http://www.wikidata.org/entity/Q6796300,1985-05-04T00:00:00Z,May 1985 lunar eclipse,
http://www.wikidata.org/entity/Q6796303,1994-05-25T00:00:00Z,May 1994 lunar eclipse,
http://www.wikidata.org/entity/Q6796313,2003-05-16T00:00:00Z,May 2003 lunar eclipse,
http://www.wikidata.org/entity/Q6796316,2004-05-04T00:00:00Z,May 2004 lunar eclipse,
http://www.wikidata.org/entity/Q7064656,1955-11-29T00:00:00Z,November 1955 lunar eclipse,
http://www.wikidata.org/entity/Q7064658,1956-11-18T00:00:00Z,November 1956 lunar eclipse,
http://www.wikidata.org/entity/Q7064659,1957-11-07T00:00:00Z,November 1957 lunar eclipse,
http://www.wikidata.org/entity/Q7064674,1975-11-18T00:00:00Z,November 1975 lunar eclipse,
http://www.wikidata.org/entity/Q7064676,1976-11-06T00:00:00Z,November 1976 lunar eclipse,
http://www.wikidata.org/entity/Q7064678,1984-11-08T00:00:00Z,November 1984 lunar eclipse,
http://www.wikidata.org/entity/Q7064681,1993-11-29T00:00:00Z,November 1993 lunar eclipse,
http://www.wikidata.org/entity/Q7064696,2003-11-09T00:00:00Z,November 2003 lunar eclipse,
http://www.wikidata.org/entity/Q7076882,1958-10-27T00:00:00Z,October 1958 lunar eclipse,
http://www.wikidata.org/entity/Q7076887,1966-10-29T00:00:00Z,October 1966 lunar eclipse,
http://www.wikidata.org/entity/Q7076889,1967-10-18T00:00:00Z,October 1967 lunar eclipse,
http://www.wikidata.org/entity/Q7076892,1968-10-06T00:00:00Z,October 1968 lunar eclipse,
http://www.wikidata.org/entity/Q7076899,1985-10-28T00:00:00Z,October 1985 lunar eclipse,
http://www.wikidata.org/entity/Q7076901,1986-10-17T00:00:00Z,October 1986 lunar eclipse,
http://www.wikidata.org/entity/Q196122,2005-08-01T00:00:00Z,Israeli disengagement from Gaza,
http://www.wikidata.org/entity/Q261538,1897-07-01T00:00:00Z,S. A. Andrée's Arctic Balloon Expedition of 1897,
http://www.wikidata.org/entity/Q276172,2000-01-01T00:00:00Z,Jewish exodus from the Muslim world,
http://www.wikidata.org/entity/Q276172,2000-01-01T00:00:00Z,Jewish exodus from the Muslim world,
http://www.wikidata.org/entity/Q24975636,1976-12-21T00:00:00Z,Women Artists: 1550-1950,
http://www.wikidata.org/entity/Q24975636,1977-11-27T00:00:00Z,Women Artists: 1550-1950,
http://www.wikidata.org/entity/Q25041243,1967-01-01T00:00:00Z,New Documents,
http://www.wikidata.org/entity/Q29884942,2017-05-09T00:00:00Z,dismissal of FBI Director James Comey,
http://www.wikidata.org/entity/Q55614933,1938-01-01T00:00:00Z,January 1938 geomagnetic storm,
http://www.wikidata.org/entity/Q57733503,2018-01-01T00:00:00Z,Museum of Pizza,
http://www.wikidata.org/entity/Q60753592,1972-08-01T00:00:00Z,Solar storm of August 1972,
http://www.wikidata.org/entity/Q112872147,1974-01-01T00:00:00Z,death and state tangi of Norman Kirk,
http://www.wikidata.org/entity/Q7076902,1987-10-07T00:00:00Z,October 1987 lunar eclipse,
http://www.wikidata.org/entity/Q7076904,1995-10-08T00:00:00Z,October 1995 lunar eclipse,
http://www.wikidata.org/entity/Q7076910,2004-10-28T00:00:00Z,October 2004 lunar eclipse,
http://www.wikidata.org/entity/Q541283,2004-02-01T00:00:00Z,Super Bowl XXXVIII halftime show controversy,
http://www.wikidata.org/entity/Q6312051,2002-06-24T00:00:00Z,June 2002 lunar eclipse,
http://www.wikidata.org/entity/Q6756714,1932-03-22T00:00:00Z,March 1932 lunar eclipse,
http://www.wikidata.org/entity/Q6756722,1959-03-24T00:00:00Z,March 1959 lunar eclipse,
http://www.wikidata.org/entity/Q21055905,1898-12-13T00:00:00Z,"solar eclipse of December 13, 1898",
http://www.wikidata.org/entity/Q21055907,1899-12-03T00:00:00Z,"solar eclipse of December 3, 1899",
http://www.wikidata.org/entity/Q21055911,1900-11-22T00:00:00Z,"solar eclipse of November 22, 1900",
http://www.wikidata.org/entity/Q51414,2012-11-13T00:00:00Z,"solar eclipse of November 13, 2012",
http://www.wikidata.org/entity/Q60372,2015-03-20T00:00:00Z,"solar eclipse of March 20, 2015",
http://www.wikidata.org/entity/Q276506,2009-07-22T00:00:00Z,"solar eclipse of July 22, 2009",
http://www.wikidata.org/entity/Q4427813,1936-06-19T00:00:00Z,"solar eclipse of June 19, 1936",
http://www.wikidata.org/entity/Q4427816,1968-09-22T00:00:00Z,"solar eclipse of September 22, 1968",
http://www.wikidata.org/entity/Q4427819,1981-07-31T00:00:00Z,"solar eclipse of July 31, 1981",
http://www.wikidata.org/entity/Q4427822,1945-07-09T00:00:00Z,"solar eclipse of July 9, 1945",
http://www.wikidata.org/entity/Q312388,1945-05-01T00:00:00Z,Bleiburg repatriations,
http://www.wikidata.org/entity/Q560654,1918-10-01T00:00:00Z,German Caucasus Expedition,
http://www.wikidata.org/entity/Q1344952,1951-04-11T00:00:00Z,Relief of Douglas MacArthur,
http://www.wikidata.org/entity/Q1628270,1894-01-01T00:00:00Z,Horn Expedition,
http://www.wikidata.org/entity/Q2587765,1989-03-01T00:00:00Z,March 1989 geomagnetic storm,
http://www.wikidata.org/entity/Q2683965,1903-01-01T00:00:00Z,North New Guinea Expedition,
http://www.wikidata.org/entity/Q3018307,1956-08-01T00:00:00Z,This Is Tomorrow,
http://www.wikidata.org/entity/Q3054413,1967-01-01T00:00:00Z,Down to the Countryside Movement,
http://www.wikidata.org/entity/Q18109188,1975-01-01T00:00:00Z,1975 British Mount Everest Southwest Face expedition,
http://www.wikidata.org/entity/Q21045313,1928-01-01T00:00:00Z,German-Soviet Alay-Pamir Expedition,
http://www.wikidata.org/entity/Q24191955,1985-01-01T00:00:00Z,withdrawal of Greenland from the European Communities,
http://www.wikidata.org/entity/Q1572570,2000-01-01T00:00:00Z,20th century departures of foreign nationals from Egypt,
http://www.wikidata.org/entity/Q3062016,1940-01-01T00:00:00Z,The Exodus,
http://www.wikidata.org/entity/Q3822857,1999-01-01T00:00:00Z,Mallory and Irvine Research Expedition,
http://www.wikidata.org/entity/Q4400513,1902-12-01T00:00:00Z,Russian polar expedition of 1900–02,
http://www.wikidata.org/entity/Q4430784,1903-12-07T00:00:00Z,Russian rescue expedition of 1903,
http://www.wikidata.org/entity/Q4567715,1953-01-01T00:00:00Z,1953 British Mount Everest Expedition,
http://www.wikidata.org/entity/Q4576079,1974-01-01T00:00:00Z,1974 French Mount Everest Expedition,
http://www.wikidata.org/entity/Q4607881,2007-01-01T00:00:00Z,2007 Altitude Everest Expedition,
http://www.wikidata.org/entity/Q4868341,2000-07-14T00:00:00Z,Bastille Day solar storm,
http://www.wikidata.org/entity/Q6796269,1912-05-01T00:00:00Z,May 1921 geomagnetic storm,
http://www.wikidata.org/entity/Q16932098,1920-02-09T00:00:00Z,Somaliland campaign,
http://www.wikidata.org/entity/Q17020474,2003-10-28T00:00:00Z,"Halloween solar storms, 2003",
http://www.wikidata.org/entity/Q17639795,2012-07-23T00:00:00Z,solar storm of 2012,
http://www.wikidata.org/entity/Q2225555,1942-10-04T00:00:00Z,Operation Basalt,
http://www.wikidata.org/entity/Q15264166,1944-07-17T00:00:00Z,Operation Mascot,
http://www.wikidata.org/entity/Q17113300,1947-11-28T00:00:00Z,November 1947 lunar eclipse,
http://www.wikidata.org/entity/Q17113305,1948-04-23T00:00:00Z,April 1948 lunar eclipse,
http://www.wikidata.org/entity/Q17113312,1948-10-18T00:00:00Z,October 1948 lunar eclipse,
http://www.wikidata.org/entity/Q17113317,1949-04-13T00:00:00Z,April 1949 lunar eclipse,
http://www.wikidata.org/entity/Q17113322,1949-10-07T00:00:00Z,October 1949 lunar eclipse,
http://www.wikidata.org/entity/Q17113327,1951-03-23T00:00:00Z,March 1951 lunar eclipse,
http://www.wikidata.org/entity/Q17113333,1951-09-15T00:00:00Z,September 1951 lunar eclipse,
http://www.wikidata.org/entity/Q21028129,1916-07-15T00:00:00Z,July 1916 lunar eclipse,
http://www.wikidata.org/entity/Q48837546,1933-03-12T00:00:00Z,March 1933 lunar eclipse,
http://www.wikidata.org/entity/Q48837570,1933-02-10T00:00:00Z,February 1933 lunar eclipse,
http://www.wikidata.org/entity/Q48837572,1933-08-05T00:00:00Z,August 1933 lunar eclipse,
http://www.wikidata.org/entity/Q48837576,1936-12-28T00:00:00Z,December 1936 lunar eclipse,
http://www.wikidata.org/entity/Q48837580,1937-05-25T00:00:00Z,May 1937 lunar eclipse,
http://www.wikidata.org/entity/Q48837584,1940-04-22T00:00:00Z,April 1940 lunar eclipse,
http://www.wikidata.org/entity/Q48837607,1940-10-16T00:00:00Z,October 1940 lunar eclipse,
http://www.wikidata.org/entity/Q48969212,1933-09-04T00:00:00Z,September 1933 lunar eclipse,
http://www.wikidata.org/entity/Q48969219,1944-02-09T00:00:00Z,February 1944 lunar eclipse,
http://www.wikidata.org/entity/Q48969220,1944-08-04T00:00:00Z,August 1944 lunar eclipse,
http://www.wikidata.org/entity/Q48969230,1940-03-23T00:00:00Z,March 1940 lunar eclipse,
http://www.wikidata.org/entity/Q16000731,1966-05-04T00:00:00Z,May 1966 lunar eclipse,
http://www.wikidata.org/entity/Q16000749,1972-07-26T00:00:00Z,July 1972 lunar eclipse,
http://www.wikidata.org/entity/Q16000755,1974-11-29T00:00:00Z,November 1974 lunar eclipse,
http://www.wikidata.org/entity/Q16000757,1977-04-04T00:00:00Z,April 1977 lunar eclipse,
http://www.wikidata.org/entity/Q16000758,1978-09-16T00:00:00Z,September 1978 lunar eclipse,
http://www.wikidata.org/entity/Q16000771,1982-01-09T00:00:00Z,January 1982 lunar eclipse,
http://www.wikidata.org/entity/Q16000776,1983-06-25T00:00:00Z,June 1983 lunar eclipse,
http://www.wikidata.org/entity/Q16000809,1994-11-18T00:00:00Z,November 1994 lunar eclipse,
http://www.wikidata.org/entity/Q16000847,2002-05-26T00:00:00Z,May 2002 lunar eclipse,
http://www.wikidata.org/entity/Q16000849,2002-11-20T00:00:00Z,November 2002 lunar eclipse,
http://www.wikidata.org/entity/Q16000859,2005-04-24T00:00:00Z,April 2005 lunar eclipse,
http://www.wikidata.org/entity/Q16906893,1950-09-26T00:00:00Z,September 1950 lunar eclipse,
http://www.wikidata.org/entity/Q17113268,1944-07-06T00:00:00Z,July 1944 lunar eclipse,
http://www.wikidata.org/entity/Q17113274,1944-12-29T00:00:00Z,December 1944 lunar eclipse,
http://www.wikidata.org/entity/Q17113279,1945-12-19T00:00:00Z,December 1945 lunar eclipse,
http://www.wikidata.org/entity/Q17113284,1945-06-25T00:00:00Z,June 1945 lunar eclipse,
http://www.wikidata.org/entity/Q17113289,1946-12-08T00:00:00Z,December 1946 lunar eclipse,
http://www.wikidata.org/entity/Q17113295,1947-06-03T00:00:00Z,June 1947 lunar eclipse,
http://www.wikidata.org/entity/Q7556460,1937-06-08T00:00:00Z,"solar eclipse of June 8, 1937",
http://www.wikidata.org/entity/Q7556462,1956-06-08T00:00:00Z,"solar eclipse of June 8, 1956",
http://www.wikidata.org/entity/Q7556350,1898-01-22T00:00:00Z,"solar eclipse of January 22, 1898",
http://www.wikidata.org/entity/Q7556356,1925-01-24T00:00:00Z,"solar eclipse of January 24, 1925",
http://www.wikidata.org/entity/Q7556358,1944-01-25T00:00:00Z,"solar eclipse of January 25, 1944",
http://www.wikidata.org/entity/Q7556365,1908-01-03T00:00:00Z,"solar eclipse of January 3, 1908",
http://www.wikidata.org/entity/Q7556379,1972-07-10T00:00:00Z,"solar eclipse of July 10, 1972",
http://www.wikidata.org/entity/Q7556391,1963-07-20T00:00:00Z,"solar eclipse of July 20, 1963",
http://www.wikidata.org/entity/Q7556425,1983-06-11T00:00:00Z,"solar eclipse of June 11, 1983",
http://www.wikidata.org/entity/Q7556435,1955-06-20T00:00:00Z,"solar eclipse of June 20, 1955",
http://www.wikidata.org/entity/Q7556437,1974-06-20T00:00:00Z,"solar eclipse of June 20, 1974",
http://www.wikidata.org/entity/Q7556448,1927-06-29T00:00:00Z,"solar eclipse of June 29, 1927",
http://www.wikidata.org/entity/Q7556458,1918-06-08T00:00:00Z,"solar eclipse of June 8, 1918",
http://www.wikidata.org/entity/Q7556612,1959-10-02T00:00:00Z,"solar eclipse of October 2, 1959",
http://www.wikidata.org/entity/Q7556614,1930-10-21T00:00:00Z,"solar eclipse of October 21, 1930",
http://www.wikidata.org/entity/Q839199,1922-01-01T00:00:00Z,1922 British Mount Everest Expedition,
http://www.wikidata.org/entity/Q918286,1924-01-01T00:00:00Z,1924 British Mount Everest Expedition,
http://www.wikidata.org/entity/Q4567705,1953-01-01T00:00:00Z,1953 American Karakoram Expedition,
http://www.wikidata.org/entity/Q13060315,1952-01-01T00:00:00Z,1952 Swiss Mount Everest expedition,
http://www.wikidata.org/entity/Q16056948,1933-01-01T00:00:00Z,1933 British Mount Everest expedition,
http://www.wikidata.org/entity/Q17182596,1921-01-01T00:00:00Z,1921 British Mount Everest reconnaissance expedition,
http://www.wikidata.org/entity/Q85756050,1985-12-31T00:00:00Z,Death of Ricky Nelson,
http://www.wikidata.org/entity/Q7556564,1966-11-12T00:00:00Z,"solar eclipse of November 12, 1966",
http://www.wikidata.org/entity/Q7556567,1985-11-12T00:00:00Z,"solar eclipse of November 12, 1985",
http://www.wikidata.org/entity/Q7556573,1967-11-02T00:00:00Z,"solar eclipse of November 2, 1967",
http://www.wikidata.org/entity/Q7556583,1984-11-22T00:00:00Z,"solar eclipse of November 22, 1984",
http://www.wikidata.org/entity/Q7556596,1921-10-01T00:00:00Z,"solar eclipse of October 1, 1921",
http://www.wikidata.org/entity/Q7556598,1912-10-10T00:00:00Z,"solar eclipse of October 10, 1912",
http://www.wikidata.org/entity/Q7556602,1939-10-12T00:00:00Z,"solar eclipse of October 12, 1939",
http://www.wikidata.org/entity/Q7556604,1958-10-12T00:00:00Z,"solar eclipse of October 12, 1958",
http://www.wikidata.org/entity/Q7556606,1977-10-12T00:00:00Z,"solar eclipse of October 12, 1977",
http://www.wikidata.org/entity/Q30682954,2016-01-01T00:00:00Z,2016-2020 Yemen cholera outbreak,
http://www.wikidata.org/entity/Q21055895,1892-04-26T00:00:00Z,"solar eclipse of April 26, 1892",
http://www.wikidata.org/entity/Q7556304,1980-02-16T00:00:00Z,"solar eclipse of February 16, 1980",
http://www.wikidata.org/entity/Q7556314,1952-02-25T00:00:00Z,"solar eclipse of February 25, 1952",
http://www.wikidata.org/entity/Q7556318,1979-02-26T00:00:00Z,"solar eclipse of February 26, 1979",
http://www.wikidata.org/entity/Q7556328,1916-02-03T00:00:00Z,"solar eclipse of February 3, 1916",
http://www.wikidata.org/entity/Q7556335,1943-02-04T00:00:00Z,"solar eclipse of February 4, 1943",
http://www.wikidata.org/entity/Q7556337,1962-02-05T00:00:00Z,"solar eclipse of February 5, 1962",
